{"predictor":{"0":"KNNUserBasedPredictor","1":"KNNItemBasedPredictor","2":"KNNUserBasedPredictor","3":"KNNItemBasedPredictor","4":"KNNUserBasedPredictor","5":"KNNItemBasedPredictor","6":"KNNUserBasedPredictor","7":"KNNItemBasedPredictor","8":"KNNUserBasedPredictor","9":"KNNItemBasedPredictor","10":"KNNUserBasedPredictor","11":"KNNItemBasedPredictor","12":"KNNUserBasedPredictor","13":"KNNItemBasedPredictor","14":"KNNUserBasedPredictor","15":"KNNItemBasedPredictor","16":"KNNUserBasedPredictor","17":"KNNItemBasedPredictor","18":"KNNUserBasedPredictor","19":"KNNItemBasedPredictor"},"sample":{"0":0,"1":0,"2":1,"3":1,"4":2,"5":2,"6":3,"7":3,"8":4,"9":4,"10":5,"11":5,"12":6,"13":6,"14":7,"15":7,"16":8,"17":8,"18":9,"19":9},"mAP@5(4,5)":{"0":0.4695000052,"1":0.4586000144,"2":0.475699991,"3":0.4620000124,"4":0.4688999951,"5":0.4548000097,"6":0.4821999967,"7":0.4492000043,"8":0.4573000073,"9":0.4377999902,"10":0.4546999931,"11":0.4066999853,"12":0.507799983,"13":0.4458000064,"14":0.4334999919,"15":0.4623999894,"16":0.4566000104,"17":0.432099998,"18":0.4548999965,"19":0.4388999939},"mAP@5(4,5) users found":{"0":97,"1":97,"2":100,"3":100,"4":92,"5":92,"6":103,"7":103,"8":95,"9":95,"10":102,"11":102,"12":110,"13":110,"14":103,"15":103,"16":113,"17":113,"18":104,"19":104},"mAP@10(4,5)":{"0":0.3251000047,"1":0.3470000029,"2":0.3048999906,"3":0.3231999874,"4":0.3235999942,"5":0.3023999929,"6":0.3079000115,"7":0.2946000099,"8":0.323300004,"9":0.2691000104,"10":0.3210000098,"11":0.3161000013,"12":0.3102000058,"13":0.2714999914,"14":0.2680000067,"15":0.3176000118,"16":0.3222000003,"17":0.2818999887,"18":0.34830001,"19":0.304399997},"mAP@10(4,5) users found":{"0":24,"1":24,"2":26,"3":26,"4":29,"5":29,"6":26,"7":26,"8":26,"9":26,"10":25,"11":25,"12":31,"13":31,"14":26,"15":26,"16":27,"17":27,"18":25,"19":25}}